scenario,policy,evidence
autor,vocational-training-apprenticeships,"Nurse-practitioner model: new training programmes and a certification regime let mid-skill workers do expert work"
autor,workforce-training-and-reskilling-investment,"Workers need foundational expertise to use AI decision support; training is the precondition"
dacc,,"Levers are funding defensive technology, open-source mandates and possibly banning extremely advanced AI research; none are atlas policies"
ilo,workforce-training-and-reskilling-investment,"Upskilling and reskilling programmes, especially for middle-skilled workers"
ilo,lifelong-learning-programs,"Inclusive, lifelong learning entitlements"
ilo,ai-literacy,"AI literacy from primary education onward; upskilling teachers in digital pedagogy"
ilo,skill-gap-analyses,"Occupation-tailored responses based on exposure and complementarity; data collection to guide workforce decisions"
ilo,unemployment-benefits,"Social protection and career-transition support with financial assistance for those displaced"
ilo,entrepreneurship-small-business-support,"Grants for startups and small businesses in occupations where AI augments work"
ilo,union-bargaining-rights,"Social dialogue and worker participation in the design and deployment of AI systems"
ilo,ai-infrastructural-investments,"Accessible national digital infrastructure: data centres, cloud computing, broadband"
ilo,regulatory-agencies,"Clear regulatory frameworks and regular algorithmic auditing"
ilo,benefit-sharing,"Global AI initiatives and technology transfer so developing countries are not left behind"
loving-grace,universal-basic-income,"'A large universal basic income for everyone', though 'only a small part of a solution'"
loving-grace,benefit-sharing,"Distributing AI's benefits to the developing world; the entente offers benefits in return for support"
loving-grace,public-private-partnerships,"Entente strategy needs 'close cooperation between private AI companies and democratic governments'"
moores-law,ai-equity-taxation,"2.5% annual tax on large companies' market value, paid in shares"
moores-law,national-dividend-funds,"American Equity Fund pays every adult an annual distribution (about $13,500 within a decade)"
moores-law,universal-basic-capital,"Distributions in company shares make every citizen an equity owner"
moores-law,wealth-taxes,"2.5% tax on the value of privately held land (a land-value tax)"
pope-leo,,"Calls for 'job security and just wages' and subsidiarity, but names no specific instruments"
tbi,unemployment-benefits,"Financial safety nets for displaced workers (from press coverage of the report)"
tbi,workforce-training-and-reskilling-investment,"Retraining programmes and better job matching (from press coverage of the report)"
toloui-prometheus,automation-robot-taxes,"Rebalance the tax code that favours capital investment over hiring"
toloui-prometheus,employer-tax-breaks,"Cut payroll taxes to lower the cost of hiring, funded by taxes on capital"
toloui-prometheus,tax-credit-expansion,"Expanded earned income tax credit"
toloui-prometheus,wage-insurance,"Wage insurance as a worker-side subsidy"
toloui-prometheus,universal-basic-income,"Non-employment-linked transfers if labour replacement dominates"
toloui-prometheus,government-procurement-policies,"Procurement that demands worker-augmenting AI copilots rather than turnkey automation"
toloui-prometheus,workforce-training-and-reskilling-investment,"Federal grants for company training; scale proven models through WIOA"
toloui-prometheus,vocational-training-apprenticeships,"Registered apprenticeships and employer–community college partnerships"
toloui-prometheus,ai-infrastructural-investments,"Energy, grid and chip investment; compute access through NAIRR"
toloui-prometheus,antitrust-law,"Modernised antitrust with a 'guardrails and triggers' approach"
toloui-prometheus,public-utility-regulation,"Interoperability, portability and cloud non-discrimination rules"
toloui-prometheus,regulatory-agencies,"Expanded AI teams at DOJ and FTC; reporting of large training runs to BIS"
toloui-prometheus,ai-liability,"Modernised tort standards for AI, with safe harbours"
turing-trap-escape,automation-robot-taxes,"Remove the tax code's bias toward capital over labour"
turing-trap-escape,tax-credit-expansion,"Favour wage income, for instance by expanding the earned income tax credit"
turing-trap-escape,employer-tax-breaks,"Incentives for corporate training to offset the externality of labour mobility"
turing-trap-escape,workforce-training-and-reskilling-investment,"Government should provide training directly or incentivise it"
cfg-diplomacy,restructuring-international-organizations,"A Global AI Security Institute modelled on the IAEA"
cfg-diplomacy,regulatory-agencies,"Treaty-based licensing regime with standardised alignment and audits"
keep-future-human-tool-ai,ai-liability,"Strict liability for high-autonomy, high-generality, high-intelligence systems, with safe harbours for tools"
keep-future-human-tool-ai,regulatory-agencies,"Compute accounting and tiered, risk-based regulation"
keep-future-human-tool-ai,restructuring-international-organizations,"International agreements to contain AI, on the model of nuclear non-proliferation"
normal-tech,ai-infrastructural-investments,"Public goods the private sector underprovides: accessible datasets and energy infrastructure"
normal-tech,ai-liability,"Clarify how liability law applies to AI to enable diffusion, as FAA rules did for drones"
normal-tech,data-compensation,"Mandatory negotiation, with regulatory oversight, between AI companies and publishers"
normal-tech,regulatory-agencies,"Reduce uncertainty: evidence gathering, transparency and monitoring as a first-rate policy goal"
sit-awareness,ai-infrastructural-investments,"Trillion-dollar clusters built in the US, with US electricity output up by tens of percent"
sit-awareness,public-private-partnerships,"'The Project': a government AGI programme run with the leading labs"
toloui-copilot-constructive,antitrust-law,"The constructive Copilot Empire needs modernised antitrust to rein in monopolistic abuses"
toloui-copilot-constructive,public-utility-regulation,"Interoperability, portability and cloud non-discrimination rules"
toloui-copilot-constructive,regulatory-agencies,"Expanded AI teams at DOJ and FTC"
toloui-copilot-constructive,automation-robot-taxes,"Higher taxes on capital, or on super-normal AI rents under winner-take-all dynamics"
toloui-copilot-constructive,employer-tax-breaks,"Cut payroll taxes to lower the cost of hiring"
toloui-copilot-constructive,government-procurement-policies,"Procurement that demands worker-augmenting AI"
toloui-copilot-constructive,workforce-training-and-reskilling-investment,"Training grants and WIOA programmes"
toloui-copilot-constructive,ai-liability,"Modernised tort standards for AI"
wf-disempowered-abundance,,"No source document yet; the scenario implies material support without ownership or political voice"
ai-2027-slowdown,universal-basic-income,"Both parties promise a basic income for anyone who loses their job; later, a generous basic income for all"
ai-2027-slowdown,public-private-partnerships,"A joint government–company Oversight Committee takes control of the leading lab"
ai-2027-slowdown,restructuring-international-organizations,"A US–China deal, then a federalised world government under UN branding"
wef-copilot,workforce-training-and-reskilling-investment,"Early investment in employee development keeps skills in step with AI"
wef-copilot,ai-infrastructural-investments,"Early commitments to technological infrastructure enable adoption"
ai-2040-plan-a,restructuring-international-organizations,"An international deal with verification enforces guardrails on AI R&D"
ai-2040-plan-a,regulatory-agencies,"Nation states enforce safety guardrails and total transparency over AI R&D"
wef-copilot,ai-literacy,"AI literacy initiatives make AI skills as common as digital literacy was in the early 2020s"
