policy,criterion,reason
ai-infrastructural-investments,essentials,"Public compute and clean energy keep AI services and power within reach rather than priced by a few firms."
ai-infrastructural-investments,government,"Treating AI infrastructure as a public asset keeps state capacity from lagging behind the largest firms."
employer-tax-breaks,work,"Rewards firms that retrain, hire displaced workers or augment labour instead of replacing it."
job-guarantees-and-public-works-programs,work,"Anyone willing to work gets a job at a set wage, so effort still earns a living."
job-guarantees-and-public-works-programs,safety-net,"Employment of last resort catches workers the private market no longer hires."
national-dividend-funds,safety-net,"Public stakes in AI firms pay every citizen a dividend that does not depend on a job."
national-dividend-funds,essentials,"Regular cash payments help households keep up with housing, food and energy costs."
sectoral-subsidies,work,"Sustains jobs in education, health and care beyond what the market alone would support."
sectoral-subsidies,essentials,"Keeps essential services such as health and elder care funded and affordable."
tax-credit-expansion,work,"Earned income credits top up low wages so work keeps paying."
tax-credit-expansion,safety-net,"Refundable credits reach displaced and low-wage workers through the existing tax system."
unemployment-benefits,safety-net,"Broader eligibility and longer duration mean losing a job no longer means falling through the floor."
universal-basic-income,safety-net,"An unconditional income floor catches everyone, whatever their employment status."
universal-basic-income,time,"Income decoupled from work gives people room for care, community and learning."
universal-basic-services,essentials,"Guarantees healthcare, education, housing, transport and connectivity regardless of income."
universal-basic-services,safety-net,"Essential services stay in place when a job is lost."
wage-insurance,safety-net,"Cushions the fall in pay for workers who take a lower-paid job after displacement."
wage-insurance,work,"Rewards returning to work quickly rather than staying out of it."
ai-literacy,work,"Prepares workers to use AI rather than be displaced by it."
ai-literacy,government,"Citizens who understand AI can judge its outputs and hold its use to account, strengthening the information ecosystem."
entrepreneurship-small-business-support,work,"Gives displaced workers a path to create their own jobs."
lifelong-learning-programs,work,"Continuous, financed retraining keeps credentials current as tasks change."
shortened-work-weeks,time,"Turns AI productivity gains into time off at the same pay."
shortened-work-weeks,work,"Spreads available work more evenly so more people keep a foothold in employment."
skill-gap-analyses,work,"Points retraining at the occupations and communities most exposed to AI."
skill-gap-analyses,government,"Gives the state the measurement capacity to see disruption before it lands."
union-bargaining-rights,work,"Gives workers a share of productivity gains and a say in how AI is adopted."
union-bargaining-rights,time,"Collective agreements can limit always-on work and protect working conditions."
vocational-training-apprenticeships,work,"Opens paid routes into skilled trades that resist automation, including for beginners."
workforce-training-and-reskilling-investment,work,"Funds training that connects displaced and at-risk workers to new jobs."
ai-equity-taxation,safety-net,"Public equity in AI firms yields dividends that rebuild a shrinking tax base."
ai-equity-taxation,government,"Public shareholdings carry governance votes inside the firms that shape AI."
automation-robot-taxes,work,"Removes the tax advantage of replacing workers with machines."
automation-robot-taxes,safety-net,"Raises revenue from automation to fund support for displaced workers."
consumption-taxes,safety-net,"Keeps revenue flowing as labour income shrinks, though it is regressive unless paired with rebates."
data-compensation,work,"Pays people for the data and creative work that trains AI, treating it as labour."
increased-corporate-taxation,safety-net,"Captures profits from the largest AI firms to fund public support."
increased-corporate-taxation,government,"International coordination stops firms escaping tax by shifting profits, restoring states' ability to act."
sovereign-wealth-funds,safety-net,"Captures long-term AI returns for the public treasury without relying solely on taxation."
token-taxes,safety-net,"A revenue stream that grows automatically with AI use can fund the safety net as wage taxes shrink."
universal-basic-capital,safety-net,"Ownership stakes give every citizen income from automated production, not just from wages."
wealth-taxes,safety-net,"Taxes concentrated AI wealth that income taxes miss, funding public support."
wealth-taxes,government,"Limits the concentration of wealth that turns into concentrated political power."
windfall-clause,safety-net,"Commits firms to share extreme profits for public benefit if they arise."
ai-liability,government,"Makes developers and deployers answer for AI harms, so those affected are compensated."
antitrust-law,government,"Stops dominant firms from capturing markets and the regulators meant to police them."
antitrust-law,essentials,"Competition keeps prices for AI-enabled goods and services in check."
fiduciary-mandates,government,"Requires AI firms to act in users' and society's interests rather than profit alone."
fiduciary-mandates,time,"A duty of loyalty curbs products designed to capture attention at users' expense."
fiscal-automatic-stabilizers,safety-net,"Support scales up automatically with disruption, without waiting for new legislation."
fiscal-automatic-stabilizers,government,"Pre-legislated triggers remove the political lag that leaves crises unanswered."
intellectual-property-reform,work,"Compensation for works used in training keeps creative effort paying."
legal-economic-personhood,government,"Brings AI agents inside the law so they can be taxed and held liable."
monetary-policy-responses,essentials,"Manages inflation so essentials stay affordable through rapid productivity shifts."
monetary-policy-responses,work,"Rate and lending policy can support employment during AI-driven disruption."
government-procurement-policies,government,"Uses public purchasing power to set standards and attach public-benefit obligations to AI."
public-benefit-corporations,government,"Lets AI company directors weigh workers, communities and safety alongside shareholder returns."
public-board-representation,government,"Gives workers and the public a formal voice in AI company decisions."
public-board-representation,work,"Worker directors can steer adoption towards augmenting rather than replacing jobs."
public-ownership,government,"Public equity stakes secure governance rights in strategically important AI firms."
public-ownership,safety-net,"Returns on public stakes flow to the treasury."
public-utility-regulation,essentials,"Universal access and regulated prices keep essential AI services affordable for all."
public-utility-regulation,government,"Prevents monopolistic capture of infrastructure society depends on."
public-private-partnerships,government,"Keeps public-interest oversight over privately built AI infrastructure."
public-private-partnerships,essentials,"Co-financed energy and connectivity can widen access to AI-critical infrastructure."
regulatory-agencies,government,"Builds state capacity to monitor AI, forecast disruption and act on it."
regulatory-agencies,safety-net,"Stress-tests safety nets against rapid automation before they are needed."
regulatory-market-frameworks,government,"Governments set the outcomes while licensed regulators compete to keep pace with AI firms."
benefit-sharing,essentials,"Shares compute, data and AI services with countries that could not otherwise afford them."
benefit-sharing,safety-net,"Financial redistribution reaches low- and middle-income countries left out of AI gains."
development-banks,work,"Loan terms require labour transition support and training."
development-banks,government,"Attaches accountability and benefit-sharing conditions to AI infrastructure finance."
global-dividend-funds,safety-net,"Pays a share of AI surplus directly to individuals worldwide."
restructuring-international-organizations,government,"International bodies solve collective problems that no single state can handle alone."
