scenario,policy,criterion,score,reason
wf-lost-generation,,work,2,"Firms keep hiring experienced people but stop hiring beginners, so effort no longer opens a path for the young."
wf-lost-generation,,essentials,2,"Rent, childcare and healthcare outpace young people's pay."
wf-lost-generation,,safety-net,2,"Underemployment hides in the headline figures, so support never reaches the generation falling behind."
wf-lost-generation,,government,3,"Institutions keep working, but the problem stays invisible until a generation has fallen behind."
wf-lost-generation,,time,2,"Young people take whatever work they can find, leaving little room for family and community."
wf-high-substitution,,work,1,"AI and robots take on most office and a growing share of physical work; firms replace staff rather than support them."
wf-high-substitution,,essentials,2,"Collapsing incomes put essentials out of reach for those displaced."
wf-high-substitution,,safety-net,1,"Income-tax revenue collapses just as demand for support soars, because our systems assume most people work."
wf-high-substitution,,government,2,"A shrinking tax base leaves government struggling to solve the crisis it faces."
wf-high-substitution,,time,2,"Time freed from work comes without the income or security to use it well."
wf-disempowered-abundance,,work,2,"AI runs much of the economy, and people lose their bargaining power."
wf-disempowered-abundance,,essentials,4,"Prices fall as AI runs much of the economy."
wf-disempowered-abundance,,safety-net,3,"Life feels comfortable and support holds, but it depends on the goodwill of a few owners."
wf-disempowered-abundance,,government,1,"Governments funded by AI firms have less reason to listen; power drifts away unnoticed."
wf-disempowered-abundance,,time,3,"Comfort leaves room for life outside work, but without a say in how it is shaped."
