slug,title,category,url,summary,risk_horizon,governance,rate_of_disruption,who_it_affects,decision_maker,policy_category
ai-infrastructural-investments,AI Infrastructural Investments,public-and-social-investments,https://windfalltrust.org/policy-atlas/ai-infrastructural-investments,"Government funding for compute clusters, data centers, and clean energy to increase global competitiveness or democratize access to AI services.",Medium Term,National,All Scenarios,Small Businesses|Public Institutions|AI Infrastructure Providers,Legislators|Multilateral Bodies,Public & Social Investments|Infrastructure Investments
employer-tax-breaks,Employer Tax Breaks,public-and-social-investments,https://windfalltrust.org/policy-atlas/employer-tax-breaks,"Fiscal incentives to employers who invest in worker retraining, hire displaced workers, or adopt labor-augmenting rather than labor-replacing AI technologies.",Medium Term,Subnational|National,Gradual,Firms|Workers,Legislators,Public & Social Investments|Infrastructure Investments
job-guarantees-and-public-works-programs,Job Guarantees & Public Works Programs,public-and-social-investments,https://windfalltrust.org/policy-atlas/job-guarantees-and-public-works-programs,"Government employment of last resort, directing willing workers toward projects with collective societal benefits in areas like infrastructure, caregiving, and environmental restoration.",Near Term|Medium Term,Subnational|National,Rapid,Workers,Legislators,Public & Social Investments|Social Safety Nets
national-dividend-funds,National Dividend Funds,public-and-social-investments,https://windfalltrust.org/policy-atlas/national-dividend-funds,"Public ownership stakes in AI infrastructure and companies, distributing the resulting profits as direct cash payments to all citizens.",Long Term,National,Rapid,Households|Public Institutions,Legislators,Public & Social Investments|Redistribution
sectoral-subsidies,Sectoral Subsidies,public-and-social-investments,https://windfalltrust.org/policy-atlas/sectoral-subsidies,"Sustained public investment in sectors delivering public value, like education and health, and supporting employment beyond what market forces alone would sustain.",Medium Term,Subnational|National,All Scenarios,Workers|Firms|Households,Legislators,Public & Social Investments|Infrastructure Investments
tax-credit-expansion,Tax Credit Expansion,public-and-social-investments,https://windfalltrust.org/policy-atlas/tax-credit-expansion,Scaling-up tax credit programs to reach a broader set of displaced and low-wage workers through the existing tax code.,Near Term,Subnational|National,All Scenarios,Households|Workers,Legislators,Public & Social Investments|Redistribution
unemployment-benefits,Unemployment Benefits,public-and-social-investments,https://windfalltrust.org/policy-atlas/unemployment-benefits,"Modernized unemployment insurance with broader eligibility and longer duration, supported by stronger financing and connections to reskilling opportunities.",Near Term,Subnational|National,All Scenarios,Workers|Households,Legislators|Regulatory Agencies,Public & Social Investments|Social Safety Nets
universal-basic-income,Universal Basic Income,public-and-social-investments,https://windfalltrust.org/policy-atlas/universal-basic-income,"Unconditional, regular cash payments to all citizens regardless of employment status, creating a basic income floor to cushion against AI-driven job displacement and maintain consumer demand in an increasingly automated economy.",Long Term,Subnational|National,Rapid,Households,Legislators,Public & Social Investments|Redistribution
universal-basic-services,Universal Basic Services,public-and-social-investments,https://windfalltrust.org/policy-atlas/universal-basic-services,"Guaranteed free or heavily subsidized access to essential services, from healthcare and education to housing and digital connectivity, regardless of employment status.",Medium Term|Long Term,National,All Scenarios,Households|Workers,Legislators,Public & Social Investments|Social Safety Nets
wage-insurance,Wage Insurance,public-and-social-investments,https://windfalltrust.org/policy-atlas/wage-insurance,"Temporary income supplements to displaced workers who accept reemployment at lower pay, bridging the gap between their old and new wages.",Near Term,National,Gradual,Workers,Legislators|Regulatory Agencies,Public & Social Investments|Social Safety Nets
ai-literacy,AI Literacy Training,labor-market-adaptation,https://windfalltrust.org/policy-atlas/ai-literacy,"AI literacy embedded across all education levels, covering how AI systems work, their societal implications, and the critical thinking skills needed to navigate an AI-permeated world.",Medium Term,Subnational|National,All Scenarios,Workers,Legislators,Labor Market Adaptation|Formal Education
entrepreneurship-small-business-support,Entrepreneurship & Small Business Support,labor-market-adaptation,https://windfalltrust.org/policy-atlas/entrepreneurship-small-business-support,Expanded pathways for displaced workers to create their own jobs through entrepreneurship training and self-employment assistance.,Medium Term,Subnational|National,Gradual,Small Businesses|Workers,Legislators|Regulatory Agencies,Labor Market Adaptation|Labor Market Interventions
lifelong-learning-programs,Lifelong Learning Programs,labor-market-adaptation,https://windfalltrust.org/policy-atlas/lifelong-learning-programs,"Continuous learning systems to shift from front-loaded education to flexible, lifelong skill development financed by combined individual, employer, and government contributions.",Long Term,National,Gradual,Workers,Legislators|Regulatory Agencies,Labor Market Adaptation|Formal Education
shortened-work-weeks,Shortened Work Weeks,labor-market-adaptation,https://windfalltrust.org/policy-atlas/shortened-work-weeks,"Reduced standard working hours to spread available work more evenly, improve worker well‑being, and ensure that productivity gains from AI translate into time dividends for workers.",Medium Term|Long Term,National,Gradual,Workers|Firms,Legislators,Labor Market Adaptation|Labor Market Interventions
skill-gap-analyses,Skill Gap Analyses,labor-market-adaptation,https://windfalltrust.org/policy-atlas/skill-gap-analyses,"Task-level measurement frameworks that identify which occupations and communities face the greatest AI exposure, directing retraining resources where they are most needed.",Medium Term,Subnational|National,Gradual,Workers|Public Institutions,Regulatory Agencies,Labor Market Adaptation|Labor Market Interventions
union-bargaining-rights,Union & Bargaining Rights,labor-market-adaptation,https://windfalltrust.org/policy-atlas/union-bargaining-rights,Strengthened collective bargaining frameworks that give workers a formal voice in AI adoption decisions and a share of the resulting productivity gains.,Medium Term,National,All Scenarios,Workers|Firms,Legislators,Labor Market Adaptation|Labor Market Interventions
vocational-training-apprenticeships,Vocational Training & Apprenticeships,labor-market-adaptation,https://windfalltrust.org/policy-atlas/vocational-training-apprenticeships,Expanded career and technical education and registered apprenticeship programs preparing workers for skilled trades that are resilient to AI automation and in demand for AI infrastructure buildout,Medium Term,Subnational|National,Gradual,Workers,Legislators,Labor Market Adaptation|Formal Education
workforce-training-and-reskilling-investment,Workforce Training and Reskilling Investment,labor-market-adaptation,https://windfalltrust.org/policy-atlas/workforce-training-and-reskilling-investment,"Tax incentives and direct employer subsidies, supported by public financing, that increase investment in worker training and connect displaced or at-risk workers to skills development.",Medium Term,Subnational|National,All Scenarios,Workers|Firms,Legislators,Labor Market Adaptation|Labor Market Interventions
ai-equity-taxation,AI Equity Taxation,wealth-capture,https://windfalltrust.org/policy-atlas/ai-equity-taxation,"Taxes on AI companies paid via newly-issued equity stakes rather than cash, giving the public both dividend income and a governance voice in AI firms.",Long Term,National,Rapid,AI Developers|Households,Legislators,Wealth Capture|Taxation Strategies
automation-robot-taxes,Automation/Robot Taxes,wealth-capture,https://windfalltrust.org/policy-atlas/automation-robot-taxes,Taxes aimed to disincentivize labor-replacing automation by removing tax advantages for automation investment or directly levying the deployment of AI and robotic systems.,Medium Term,National,Gradual,Workers|Firms,Legislators,Wealth Capture|Taxation Strategies
consumption-taxes,Consumption Taxes,wealth-capture,https://windfalltrust.org/policy-atlas/consumption-taxes,"Broad-based taxes on spending, such as value-added taxes or goods and services taxes, that maintain government revenue even as labor income declines.",Medium Term,Subnational|National,All Scenarios,Households|Firms,Legislators,Wealth Capture|Taxation Strategies
data-compensation,Data Compensation,wealth-capture,https://windfalltrust.org/policy-atlas/data-compensation,"Compensating individuals and creators for the use of their personal data and intellectual property in training AI models, treating data contributions as a form of labor or capital.",Near Term|Medium Term,National|International,All Scenarios,Creators & IP Holders|Households|AI Developers,Legislators|Regulatory Agencies,Wealth Capture|Restructuring AI Ownership
increased-corporate-taxation,Global Corporate Tax,wealth-capture,https://windfalltrust.org/policy-atlas/increased-corporate-taxation,"A coordinated international tax regime that raises effective corporate tax rates on the largest, most profitable multinational enterprises.",Medium Term,International,All Scenarios,Firms|Global South|Public Institutions,Legislators|Multilateral Bodies,Wealth Capture|Taxation Strategies
sovereign-wealth-funds,Sovereign Wealth Funds,wealth-capture,https://windfalltrust.org/policy-atlas/sovereign-wealth-funds,"State-owned investment vehicles that strategically invest in domestic AI infrastructure and ""upstream"" supply chains to secure national competitiveness (""sovereign AI"") and capture long-term financial returns for the public treasury.",Medium Term,National,All Scenarios,Households|Public Institutions,Legislators,Wealth Capture|Restructuring AI Ownership
token-taxes,Token Taxes,wealth-capture,https://windfalltrust.org/policy-atlas/token-taxes,Usage-based surcharges on AI model inference that create a revenue stream growing automatically with AI adoption.,Medium Term,National|International,All Scenarios,Households|Small Businesses|Firms|AI Developers,Legislators,Wealth Capture|Taxation Strategies
universal-basic-capital,Universal Basic Capital / Equity,wealth-capture,https://windfalltrust.org/policy-atlas/universal-basic-capital,"Direct ownership stakes in AI infrastructure and the broader economy distributed to all citizens, so that returns from automated production flow widely rather than concentrating among existing capital owners.",Long Term,National,All Scenarios,Households,Legislators,Wealth Capture|Restructuring AI Ownership
wealth-taxes,Wealth Taxes,wealth-capture,https://windfalltrust.org/policy-atlas/wealth-taxes,A net wealth tax targeting the accumulated value of assets (minus liabilities) rather than income flows.,Medium Term,National|International,All Scenarios,Households|Firms,Legislators|Multilateral Bodies,Wealth Capture|Taxation Strategies
windfall-clause,Windfall Clause,wealth-capture,https://windfalltrust.org/policy-atlas/windfall-clause,"Voluntary, ex-ante commitments by AI firms to donate a substantial portion of future profits if they exceed a certain threshold, to ensure extreme economic gains are broadly shared rather than concentrated.",Long Term,National|International,Rapid,AI Developers|Global South,Private Actors,Wealth Capture|Restructuring AI Ownership
ai-liability,AI Liability,regulation-and-market-design,https://windfalltrust.org/policy-atlas/ai-liability,"Legal frameworks that assign financial responsibility for AI-caused harms to developers and deployers, balancing innovation incentives with compensation for people impacted.",Medium Term,National|International,All Scenarios,AI Developers|Firms|Households,Legislators|Courts,Regulation & Market Design|Legal & Regulatory Frameworks
antitrust-law,Antitrust Law,regulation-and-market-design,https://windfalltrust.org/policy-atlas/antitrust-law,Competition enforcement to prevent dominant firms from leveraging control over essential AI infrastructure to stifle competition and capture outsized economic value.,Medium Term,National|International,All Scenarios,AI Developers|Firms|AI Infrastructure Providers|Small Businesses,Regulatory Agencies|Courts,Regulation & Market Design|Competition & Corporate Governance
fiduciary-mandates,Fiduciary Mandates,regulation-and-market-design,https://windfalltrust.org/policy-atlas/fiduciary-mandates,"Legal duties of loyalty, care, and confidentiality imposed on AI developers and deployers, requiring them to act in users' and society's interests rather than solely maximizing profit.",Medium Term,National,All Scenarios,AI Developers|Households,Legislators|Regulatory Agencies,Regulation & Market Design|Competition & Corporate Governance
fiscal-automatic-stabilizers,Fiscal Automatic Stabilizers,regulation-and-market-design,https://windfalltrust.org/policy-atlas/fiscal-automatic-stabilizers,"Pre-legislated fiscal rules that activate automatically when economic indicators cross defined thresholds, providing countercyclical support without requiring new legislation.",Near Term|Medium Term,National,All Scenarios,Workers|Households|Public Institutions,Legislators,Regulation & Market Design|Macroeconomic Stabilization
intellectual-property-reform,Intellectual Property Reform,regulation-and-market-design,https://windfalltrust.org/policy-atlas/intellectual-property-reform,"Adapted copyright, patent, and licensing frameworks that clarify rights over AI training data, establish compensation mechanisms for creators whose works train AI systems, and determine the ownership status of AI-generated outputs.",Medium Term,National|International,All Scenarios,Creators & IP Holders|AI Developers,Legislators|Courts,Regulation & Market Design|Legal & Regulatory Frameworks
legal-economic-personhood,Legal Economic Personhood,regulation-and-market-design,https://windfalltrust.org/policy-atlas/legal-economic-personhood,"Legal recognition of AI systems as economic entities capable of owning assets, entering contracts, paying taxes, and bearing liability.",Long Term,National|International,Rapid,AI Developers|Public Institutions,Legislators|Courts,Regulation & Market Design|Legal & Regulatory Frameworks
monetary-policy-responses,Monetary Policy Responses,regulation-and-market-design,https://windfalltrust.org/policy-atlas/monetary-policy-responses,"Adaptations to central bank frameworks, such as interest rate policy, targeted lending facilities, or digital currencies, to manage disruptions to inflation and financial stability.",Near Term|Medium Term,National,All Scenarios,Households|Firms|Public Institutions,Regulatory Agencies,Regulation & Market Design|Macroeconomic Stabilization
government-procurement-policies,Procurement Policies,regulation-and-market-design,https://windfalltrust.org/policy-atlas/government-procurement-policies,Public purchasing rules and preferences that shape AI markets and accelerate responsible deployment while attaching public benefit obligations to government-funded AI infrastructure.,Medium Term,National,All Scenarios,Public Institutions|Small Businesses,Legislators|Regulatory Agencies,Regulation & Market Design|Competition & Corporate Governance
public-benefit-corporations,Public Benefit Corporations,regulation-and-market-design,https://windfalltrust.org/policy-atlas/public-benefit-corporations,A corporate legal structure that permits or requires AI company directors to balance societal benefit and safety alongside shareholder returns.,Medium Term,National,All Scenarios,AI Developers,Private Actors|Legislators,Regulation & Market Design|Competition & Corporate Governance
public-board-representation,Public Board Representation,regulation-and-market-design,https://windfalltrust.org/policy-atlas/public-board-representation,"Reserved board seats at AI companies for workers and public interest representatives, giving those affected by corporate decisions a formal governance voice.",Medium Term|Long Term,National,All Scenarios,Workers|AI Developers,Legislators,Regulation & Market Design|Competition & Corporate Governance
public-ownership,Public Ownership,regulation-and-market-design,https://windfalltrust.org/policy-atlas/public-ownership,"Government acquisition of non-controlling equity stakes in AI companies and critical technology firms, securing public influence and wealth capture without full nationalization.",Medium Term|Long Term,National,All Scenarios,AI Developers|Public Institutions,Legislators,Regulation & Market Design|Competition & Corporate Governance
public-utility-regulation,Public Utility Regulation,regulation-and-market-design,https://windfalltrust.org/policy-atlas/public-utility-regulation,"Common carrier obligations, universal access requirements, and price controls to prevent monopolistic capture of essential AI services.",Long Term,National,Rapid,AI Developers|AI Infrastructure Providers|Small Businesses,Regulatory Agencies|Legislators,Regulation & Market Design|Legal & Regulatory Frameworks
public-private-partnerships,Public-Private Partnerships,regulation-and-market-design,https://windfalltrust.org/policy-atlas/public-private-partnerships,"Structured collaborations between government and private AI companies to co-finance and co-develop AI infrastructure under shared governance, while maintaining public interest oversight.",Medium Term,Subnational|National,All Scenarios,Public Institutions|AI Developers,Legislators,Regulation & Market Design|Competition & Corporate Governance
regulatory-agencies,Regulatory Agencies,regulation-and-market-design,https://windfalltrust.org/policy-atlas/regulatory-agencies,"Dedicated regulatory bodies with the technical capacity to monitor high‑risk AI systems, model AI-driven economic structural change, forecast labor market disruptions, and stress-test social safety nets against scenarios of rapid automation.",Medium Term,National|International,All Scenarios,AI Developers|Workers,Legislators,Regulation & Market Design|Legal & Regulatory Frameworks
regulatory-market-frameworks,Regulatory Markets,regulation-and-market-design,https://windfalltrust.org/policy-atlas/regulatory-market-frameworks,"A competitive market of licensed private regulators who sell regulatory services to AI companies, with governments setting required outcomes while market forces drive innovation in compliance.",Medium Term|Long Term,National|International,All Scenarios,AI Developers|Firms,Legislators|Regulatory Agencies,Regulation & Market Design|Legal & Regulatory Frameworks
benefit-sharing,Benefit-Sharing,global-coordination,https://windfalltrust.org/policy-atlas/benefit-sharing,International frameworks that distribute economic gains from transformative AI to low- and middle-income countries lacking resources to develop frontier systems independently.,Long Term,International,All Scenarios,Global South|AI Developers|AI Infrastructure Providers,Multilateral Bodies,Global Coordination|Global Governance
development-banks,Development Banks,global-coordination,https://windfalltrust.org/policy-atlas/development-banks,"Multilateral development bank financing for AI infrastructure in ways that embed benefit-sharing requirements, labor transition support, and accountability frameworks into loan terms.",Medium Term,International,All Scenarios,Global South|Public Institutions,Multilateral Bodies,Global Coordination|Global Governance
global-dividend-funds,Global Dividend Funds,global-coordination,https://windfalltrust.org/policy-atlas/global-dividend-funds,"International mechanisms funded through equity stakes, taxation, and/or voluntary commitments, that distribute AI-generated surplus as direct payments to individuals worldwide.",Long Term,International,Rapid,Households|Global South,Multilateral Bodies,Global Coordination|Global Governance
restructuring-international-organizations,Restructuring International Organizations,global-coordination,https://windfalltrust.org/policy-atlas/restructuring-international-organizations,"New or reformed international bodies for AI governance, capable of setting standards, monitoring compliance, coordinating research, and ensuring that AI development serves global rather than narrowly national or corporate interests.",Long Term,International,Rapid,Public Institutions|Global South,Multilateral Bodies,Global Coordination|Global Governance
